<?xml version="1.0" encoding="UTF-8"?><?xml-stylesheet type='text/xsl' href='_UpgradeReport_Files/UpgradeReport.xslt'?><UpgradeLog>
<Properties><Property Name="Solution" Value="WebServiceAllpart">
</Property><Property Name="方案檔" Value="E:\serviceAllparts\WebServiceAllpart.sln">
</Property><Property Name="使用者選項檔" Value="E:\serviceAllparts\WebServiceAllpart.suo">
</Property><Property Name="Date" Value="2016年10月24日">
</Property><Property Name="Time" Value="下午 16:14">
</Property><Property Name="記錄檔編號" Value="2">
</Property></Properties><Event ErrorLevel="0" Project="" Source="WebServiceAllpart.sln" Description="檔案已成功備份為 E:\serviceAllparts\Backup\WebServiceAllpart.sln">
</Event><Event ErrorLevel="0" Project="" Source="WebServiceAllpart.suo" Description="檔案已成功備份為 E:\serviceAllparts\Backup\WebServiceAllpart.suo">
</Event><Event ErrorLevel="0" Project="WebServiceAllpart" Source="WebServiceAllpart.csproj" Description="專案檔已成功備份為 E:\serviceAllparts\Backup\WebServiceAllpart.csproj">
</Event><Event ErrorLevel="0" Project="WebServiceAllpart" Source="WebServiceAllpart.csproj.user" Description="專案使用者檔案已成功備份為 E:\serviceAllparts\Backup\WebServiceAllpart.csproj.user">
</Event><Event ErrorLevel="0" Project="WebServiceAllpart" Source="AssemblyInfo.cs" Description="檔案已成功備份為 E:\serviceAllparts\Backup\AssemblyInfo.cs">
</Event><Event ErrorLevel="0" Project="WebServiceAllpart" Source="CallRfc.cs" Description="檔案已成功備份為 E:\serviceAllparts\Backup\CallRfc.cs">
</Event><Event ErrorLevel="0" Project="WebServiceAllpart" Source="classes\AddDataTable.cs" Description="檔案已成功備份為 E:\serviceAllparts\Backup\classes\AddDataTable.cs">
</Event><Event ErrorLevel="0" Project="WebServiceAllpart" Source="classes\CommonDB.cs" Description="檔案已成功備份為 E:\serviceAllparts\Backup\classes\CommonDB.cs">
</Event><Event ErrorLevel="0" Project="WebServiceAllpart" Source="classes\DBInterface.cs" Description="檔案已成功備份為 E:\serviceAllparts\Backup\classes\DBInterface.cs">
</Event><Event ErrorLevel="0" Project="WebServiceAllpart" Source="classes\DBOP.cs" Description="檔案已成功備份為 E:\serviceAllparts\Backup\classes\DBOP.cs">
</Event><Event ErrorLevel="0" Project="WebServiceAllpart" Source="classes\Login.cs" Description="檔案已成功備份為 E:\serviceAllparts\Backup\classes\Login.cs">
</Event><Event ErrorLevel="0" Project="WebServiceAllpart" Source="classes\Paramets.cs" Description="檔案已成功備份為 E:\serviceAllparts\Backup\classes\Paramets.cs">
</Event><Event ErrorLevel="0" Project="WebServiceAllpart" Source="GetAllpart.asmx.cs" Description="檔案已成功備份為 E:\serviceAllparts\Backup\GetAllpart.asmx.cs">
</Event><Event ErrorLevel="0" Project="WebServiceAllpart" Source="Global.asax.cs" Description="檔案已成功備份為 E:\serviceAllparts\Backup\Global.asax.cs">
</Event><Event ErrorLevel="0" Project="WebServiceAllpart" Source="OPDB.cs" Description="檔案已成功備份為 E:\serviceAllparts\Backup\OPDB.cs">
</Event><Event ErrorLevel="0" Project="WebServiceAllpart" Source="OperateDB.cs" Description="檔案已成功備份為 E:\serviceAllparts\Backup\OperateDB.cs">
</Event><Event ErrorLevel="0" Project="WebServiceAllpart" Source="GetAllpart.asmx" Description="檔案已成功備份為 E:\serviceAllparts\Backup\GetAllpart.asmx">
</Event><Event ErrorLevel="0" Project="WebServiceAllpart" Source="Global.asax" Description="檔案已成功備份為 E:\serviceAllparts\Backup\Global.asax">
</Event><Event ErrorLevel="0" Project="WebServiceAllpart" Source="Web.config" Description="檔案已成功備份為 E:\serviceAllparts\Backup\Web.config">
</Event><Event ErrorLevel="0" Project="WebServiceAllpart" Source="GetAllpart.asmx.resx" Description="檔案已成功備份為 E:\serviceAllparts\Backup\GetAllpart.asmx.resx">
</Event><Event ErrorLevel="0" Project="WebServiceAllpart" Source="Global.asax.resx" Description="檔案已成功備份為 E:\serviceAllparts\Backup\Global.asax.resx">
</Event><Event ErrorLevel="0" Project="WebServiceAllpart" Source="WebServiceAllpart.csproj" Description="專案轉換成功">
</Event><Event ErrorLevel="3" Project="WebServiceAllpart" Source="WebServiceAllpart.csproj" Description="Converted">
</Event><Event ErrorLevel="0" Project="" Source="WebServiceAllpart.sln" Description="方案轉換成功">
</Event><Event ErrorLevel="3" Project="" Source="WebServiceAllpart.sln" Description="Converted">
</Event><Event ErrorLevel="0" Project="WebServiceAllpart" Source="WebServiceAllpart.csproj" Description="掃描完成: 專案檔不需要升級。">
</Event></UpgradeLog>