<?xml version="1.0" encoding="UTF-8"?><?xml-stylesheet type='text/xsl' href='_UpgradeReport_Files/UpgradeReport.xslt'?><UpgradeLog>
<Properties><Property Name="Solution" Value="WebServiceGetGrnData">
</Property><Property Name="解决方案文件" Value="D:\WEB\serviceGrn\WebServiceGetGrnData.sln">
</Property><Property Name="Date" Value="2015年3月10日">
</Property><Property Name="Time" Value="下午 12:02:17">
</Property></Properties><Event ErrorLevel="0" Project="WebServiceGetGrnData" Source="WebServiceGetGrnData.csproj" Description="扫描完成: 项目文件不需要升级。">
</Event><Event ErrorLevel="3" Project="WebServiceGetGrnData" Source="WebServiceGetGrnData.csproj" Description="Converted">
</Event><Event ErrorLevel="0" Project="WebServiceGetGrnData" Source="WebServiceGetGrnData.csproj" Description="您已完成了 Visual Studio .NET 2003 Web 项目转换的第一步。若要完成转换，请在解决方案资源管理器中选择您的项目，并选择“转换为 Web 应用程序”上下文菜单项。">
</Event></UpgradeLog>